{
    \"T\": 0.00215617719304128,
    \"h\": 0.0515641694400392,
    \"e\": 0.0989915277450062,
    \" \": 0.162862069816239,
    \"P\": 0.0020619215375438,
    \"r\": 0.0459799962930326,
    \"o\": 0.0604893576508707,
    \"j\": 0.000716722534755982,
    \"c\": 0.0188255112736722,
    \"t\": 0.0694547152182398,
    \"G\": 0.000412131272191988,
    \"u\": 0.0206157361398324,
    \"n\": 0.057110070995384,
    \"b\": 0.00982188211464145,
    \"g\": 0.0158219820635916,
    \"E\": 0.000714508475734229,
    \"B\": 0.00114055669034866,
    \"k\": 0.00608233642690094,
    \"f\": 0.0167477750288302,
    \"W\": 0.000913457493546018,
    \"a\": 0.0630162315829826,
    \"d\": 0.0367761529396062,
    \",\": 0.0126172897766774,
    \"y\": 0.0142335528625569,
    \"L\": 0.000225517726072822,
    \"l\": 0.0303054073014606,
    \"s\": 0.0505779642929213,
    \"i\": 0.0526158474753718,
    \"w\": 0.0178133700065852,
    \"m\": 0.0184699966536079,
    \"v\": 0.00821415897070294,
    \".\": 0.00974375746058817,
    \"Y\": 0.00040011209464533,
    \"p\": 0.0123398998106663,
    \"-\": 0.00199518347274525,
    \":\": 0.000320722264008193,
    \"A\": 0.00207931771557186,
    \"M\": 0.0010282722685312,
    \"D\": 0.000637965292410775,
    \"J\": 9.74185969571238e-05,
    \"1\": 0.000123987305218158,
    \"0\": 5.66166521276791e-05,
    \"2\": 4.64952394568091e-05,
    \"9\": 1.10702951087641e-05,
    \"[\": 3.16294145964688e-07,
    \"#\": 3.16294145964688e-07,
    \"6\": 1.80287663199872e-05,
    \"]\": 3.16294145964688e-07,
    \"U\": 8.03387130750307e-05,
    \"5\": 1.73961780280578e-05,
    \"3\": 1.92939429038459e-05,
    \"*\": 9.48882437894063e-05,
    \"S\": 0.000944454319850557,
    \"R\": 0.00096691120421405,
    \"O\": 0.000517140928652264,
    \"F\": 0.000615508408047282,
    \"H\": 0.0013847357710334,
    \"I\": 0.00250852887164594,
    \"C\": 0.000665799177255668,
    \"N\": 0.00114308704351638,
    \"K\": 0.00037986926930359,
    \"V\": 0.000352984266896591,
    \"/\": 9.17253023297594e-06,
    \"8\": 6.10447701711847e-05,
    \"X\": 0.000212865960234235,
    \"7\": 1.26517658385875e-05,
    \""\": 0.0056841220971314,
    \"'\": 0.0023816949191141,
    \"!\": 0.00124113822876543,
    \"?\": 0.000991898441745261,
    \";\": 0.000362156797129567,
    \"x\": 0.00117376757567496,
    \"(\": 0.000211917077796341,
    \")\": 0.000211917077796341,
    \"z\": 0.000720834358653523,
    \"q\": 0.000725895064988958,
    \"Q\": 1.10702951087641e-05,
    \"ê\": 3.47923560561156e-06,
    \"à\": 1.26517658385875e-06,
    \"Z\": 3.41597677641863e-05,
    \"4\": 7.27476535718782e-06,
    \"é\": 3.16294145964688e-07,
    \"ä\": 3.16294145964688e-07,
    \"=\": 6.32588291929375e-07,
    \"%\": 3.16294145964688e-07,
    \"@\": 6.32588291929375e-07,
    \"$\": 6.32588291929375e-07
}

